game,id,name,description,opener,suggestion
lol,0,龍前集合,隊友等你一齊開龍。,條龍就出，你仲喺上路？過嚟幫手插眼啦。,我推埋呢波兵就過嚟，你哋等我。
lol,1,逆風守塔,落後緊，諗吓點守。,對面又嚟推中，唔好逐個出去送喎。你想守定搵機會？,先清兵守塔，等佢哋走散再打。
lol,2,排位互串,隊友忍唔住講兩句。,你頭先閃現撞牆，係咪想同幅牆單挑？,我手滑啫，下場你睇住我表演。
apex,0,決賽圈,搵掩體，等最後一隊。,最後一隊喺右邊高地，我冇大。你仲有幾多盾？,我仲有兩粒大電，先守住呢個位。
apex,1,第三隊入場,啱啱打完，又有人嚟。,又嚟一隊！我未補好盾，你想退定打？,先退入屋補盾，我幫你睇門。
apex,2,落地搶槍,一落地就撞人。,你落到咁遠做咩，我呢邊有人但得把爛槍！,頂住，我執把槍即刻過嚟。
valorant,0,準備入點,一齊配合技能。,我封咗右邊煙，你入點先定等閃？,等我閃先，你哋跟住一齊入。
valorant,1,殘局一打二,隊友留低少少情報。,兩個喺點入面，個包得返十秒。你諗住點打？,我先拉左邊，聽到拆包就出去。
valorant,2,經濟局,少啲錢，照樣諗辦法。,冇錢買大槍喇，今局一齊存定搏一搏？,存住先，集中行一邊試吓換槍。
cs2,0,長門集合,齊人先推進。,長門有兩個，我得一粒閃。你跟唔跟到？,跟到，你掉閃先，我幫你補槍。
cs2,1,守包殘局,守住位置。,個包落咗，但我得十滴血。你守邊個位？,我守樓梯，你躲住聽聲先。
cs2,2,手槍局,第一局試吓配合。,手槍局點行？唔好又五個散晒喎。,一齊行中路，我先幫你拉槍線。
overwatch,0,加時守點,一齊頂最後一波。,加時喇，我就快有大。你幫我頂多三秒得唔得？,得，我先上去踩點，你準備開大。
overwatch,1,大招配合,唔好一次用晒。,我有大，你呢？今波想點夾？,你先開，我留返個大打下一波。
overwatch,2,補血求救,隊友喺後排等你。,我喺你後面冇血，你係咪當我透明㗎？,轉個角出嚟，我睇唔到你個位。
pubg,0,山邊縮圈,決定行邊條路。,圈縮去山嗰邊，我哋揸車定沿邊行？,沿住山邊行，唔好直接衝中間。
pubg,1,救隊友,掩護倒地隊友。,我倒咗喺石後面，你有冇煙？,有，我掉兩粒煙先再救你。
pubg,2,搜物互串,隊友拎走晒物資。,你搜咗三間屋仲話冇槍，係咪嚟參觀㗎？,我有槍啦，但冇子彈，你分啲俾我。
monsterhunter,0,準備狩獵,出發前分工。,我帶咗陷阱同麻醉玉，你想打定捉？,捉啦，你落陷阱，我負責引佢過嚟。
monsterhunter,1,貓車之後,隊友等你返場。,你又坐貓車，今次係睇風景睇到唔記得補血？,我返緊嚟，呢次會記得帶秘藥。
monsterhunter,2,魔物換區,追上去之前補給。,佢走去隔籬區，我磨刀先。你仲有藥未？,仲有，我補完血就跟你過去。
wow,0,副本開波,入場前講分工。,我坦，你打斷第一隻怪得唔得？唔好一入就亂拉。,得，第一個打斷我嚟，你先拉穩。
wow,1,滅團再嚟,重新講清楚機制。,又滅喇，頭先邊個仲企喺地板上面？,係我睇漏咗，下次先避完再打。
wow,2,尾王前,確認大家準備好。,尾王前停一停，你仲有冇藥同大招？,有，等補師回滿魔就可以開。
