01	最常用嘅字	由日常句子常見字開始，練熟唔同首尾碼。	我你佢他她它我們你們他們自己大家有人沒有可以不會知道想要需要得到正在已經還是或者如果因為所以但是然後這個那個哪些甚麼怎樣為何如何比起之前之後
02	時間與日程	留意日月等形狀，練常用時間字。	今天明天昨天前天後天早晨上午中午下午傍晚晚上夜晚凌晨星期週末週年今年去年明年現在過去未來當時小時分鐘秒鐘日期日曆月份春夏秋冬每天每日每週每月每年開始結束已經快慢遲早準時等待安排計劃預約改期假期節日生日
03	人與家庭	見到人字形同變形，就試搵首碼。	人類男人女人男孩女孩兒童少年青年成人長者老人父親母親爸爸媽媽爺爺奶奶哥哥姐姐弟弟妹妹兒子女兒丈夫妻子夫妻家庭親人親戚朋友同事鄰居老師學生醫生護士司機客人主人同學同伴名字姓名身份性格習慣關係感情照顧幫助陪伴相處見面拜訪歡迎介紹認識
04	身體與健康	認識月形同常見身體字，練較長字碼。	身體頭髮額眼睛眉耳鼻口嘴牙齒舌喉頸肩膊手指手掌手臂胸背肚腹腰腿腳足心肺肝胃皮膚骨血肌肉精神健康生病感冒發燒咳嗽頭痛牙痛受傷發炎過敏疲倦休息睡眠呼吸運動跑步散步檢查治療藥物醫院診所病房急救照護康復
05	屋企與物件	由室內用品練左右、上下同包圍結構。	房屋住宅客廳睡房廚房浴室陽台門窗牆壁地板天花板樓梯電梯桌子椅子沙發床褥枕頭棉被毛巾衣櫃書架抽屜箱盒袋鎖鑰匙燈光風扇冷氣暖爐冰箱洗衣機電視電話電腦充電器插頭電線杯碗碟筷匙刀叉鍋蓋水壺掃帚垃圾清潔整理維修搬家租屋地址
06	飲食與煮食	練食字、口字同水火相關部件。	早餐午餐晚餐宵夜飯粥麵粉包餅乾蛋糕牛奶豆漿咖啡茶水汽水果汁蔬菜水果蘋果香蕉橙梨葡萄西瓜番茄薯仔青瓜白菜菠菜粟米豆腐雞鴨魚蝦蟹豬牛羊肉火腿香腸湯醬油鹽糖醋辣椒煎炒煮蒸焗烤炸切洗剝嘗味甜酸苦鹹鮮熱凍飽餓食堂餐廳廚師菜單點餐外賣
07	購物與金錢	比較金、貝同其他常見收尾。	商店超市市場街市百貨網店商品貨物價格價錢費用成本預算收入支出薪金工資現金硬幣紙幣銀行帳戶信用卡付款支付轉帳存款提款找續折扣優惠特價便宜昂貴購買買賣訂單收據發票退貨換貨包裝運送快遞郵費重量尺寸顏色款式品牌品質保養服務顧客售員排隊付款
08	學校與閱讀	練十字頭、竹字頭相關字同常用讀寫字。	學校課堂教室班級老師學生校長同學功課作業練習考試測驗分數成績證書畢業升學大學中學小學幼稚園圖書館課本筆記鉛筆原子筆墨水紙張書包文字字詞句子段落文章閱讀讀書寫字聽講發問回答討論解釋例子方法規則記憶理解思考知識語言中文英文數學科學歷史地理藝術音樂體育
09	工作與辦公	練工作情境常用字，唔靠讀音估碼。	公司辦公室職員員工同事主管經理老闆秘書助理會議報告文件資料檔案表格電郵訊息電話通知聯絡討論決定處理完成進度期限時間項目計劃目標任務安排分工合作客戶市場產品設計開發測試修正更新發布支援培訓招聘面試合約工時加班休假請假離職工作效率流程
10	城市與交通	由街道同交通字練複雜字形。	城市鄉村地區香港九龍新界港島道路街道行人路十字路口紅綠燈天橋隧道車站巴士小巴港鐵地鐵火車電車的士渡輪船機場飛機單車汽車貨車司機乘客車票月票班次路線方向轉車上車落車開車停車塞車交通意外安全抵達出發目的地旅程旅行行李護照酒店地圖導航
11	自然與天氣	比較木水火土字形，練唔同輔助形。	天空太陽月亮星星雲層風雨雷電閃電颱風暴雨晴朗陰天潮濕乾燥炎熱寒冷溫暖涼爽氣溫季節春天夏天秋天冬天山川河流溪水湖泊海洋沙灘島嶼森林樹木花草葉子根枝竹林泥土岩石沙粒田野農場種植收成陽光影子彩虹霧氣露水冰雪霜凍
12	動物與植物	由具體字形練首尾取碼。	貓狗鳥雀雞鴨鵝魚蝦蟹牛羊馬豬兔鼠猴蛇龍虎獅象鹿熊狐狼龜蛙蝶蜂蟻蚊蠅昆蟲寵物飼養餵食動物植物花朵玫瑰蘭花菊花荷花松樹榕樹竹子草地種子發芽開花結果果實稻米麥田農夫牧場
13	動作與方向	練手形同其他動詞嘅起點與終點。	走跑跳坐站躺睡醒看望聽聞說講讀寫畫唱笑哭叫喊問答想念記住忘記拿取放下抬起舉手推拉按壓摸抓握打開關閉進入出去回來離開前進後退轉左轉右上下內外遠近高低快慢升降爬行飛游跌倒扶起追趕尋找發現選擇比較完成開始停止繼續
14	心情與感覺	同碼字多，特別練候選字辨認。	開心快樂高興歡喜安心放心擔心憂慮害怕恐懼生氣憤怒難過傷心悲哀失望希望期待驚喜好奇無聊寂寞孤單緊張放鬆平靜安靜舒服痛苦滿意感謝抱歉後悔懷念思念相信懷疑喜歡討厭愛情友情親情信任尊重耐心勇氣自信
15	溝通與文字	練言字相關字，同時學識喺候選列選字。	說話談話聊天對話留言訊息短訊文字文章新聞故事小說雜誌報紙廣告公告通知提醒邀請建議意見問題答案理由原因證明承諾約定同意反對解釋形容描述表達聲音語氣口音翻譯廣東話普通話英文日文電話視像會議直播錄音播放分享轉發回覆聯繫交流
16	數碼生活	練現代生活常見字，長碼照樣只取頭尾。	電腦手機平板鍵盤滑鼠螢幕畫面網絡網站網頁瀏覽器搜尋引擎連結帳號密碼登入登出註冊設定選項資料檔案文件圖片相片影片音樂遊戲下載上傳儲存備份同步雲端訊息電郵郵件通知提醒應用程式軟件系統更新安裝刪除複製貼上輸入輸出顯示編輯修改分享公開私隱安全
17	社區與公共服務	由生活場景練較唔熟悉嘅結構。	政府部門辦事處社區中心圖書館郵局警署消防局醫院診所法院學校公園泳池球場體育館博物館街市市場銀行櫃員機地鐵站巴士站停車場垃圾站公共設施行人天橋斑馬線交通規則身份證居民地址申請表格輪候號碼預約查詢服務費用手續證明批准處理
18	顏色形狀與數量	用容易想像嘅字形練取碼，並比較近形字。	紅橙黃綠青藍紫黑白灰金銀透明深淺濃淡明暗光亮形狀圓方長短寬窄厚薄高低大小多少輕重粗幼直彎尖平整齊單雙一二三四五六七八九十百千萬億半滿空零數量總共部分全部其中平均相同不同一樣變化增加減少
19	常見抽象字	難見到完整字根時，靠逐步提示慢慢拆。	事情情況問題方法可能需要應該必須重要基本特別主要一般真正實際簡單困難容易清楚明白正確錯誤結果原因影響關係意義價值目的能力機會經驗改變改善發展成功失敗努力學習練習知識文化社會世界生活自由公平平等責任權利選擇決定計劃過程方向條件標準
20	文章與故事	最後混合練習，試吓自己處理陌生字。	從前有一個小鎮住着很多居民每天早上都會到市場買菜有時候下雨大家便躲在店裏等待雨停某天一位老師帶學生走進圖書館發現一本記錄城市歷史的舊書書中寫着人們如何建造橋樑保護河流種植樹木後來大家決定一起清理街道修理公園讓孩子可以安全玩耍也讓老人有地方休息
