起步	日常生活	放工買餸	放工之後，我去街市買菜。番茄同雞蛋都買齊，今晚可以煮個簡單晚飯。返到屋企先洗手，再慢慢開始準備。
起步	日常生活	落雨出門	朝早望出窗，條街已經落緊雨。我帶埋雨傘，出門前再檢查一次門同鎖。巴士站有人排隊，我就行去隊尾等車。
起步	親友對話	約朋友飲茶	朋友問我周末有冇時間。我哋好耐冇見，決定星期六去飲茶。佢先搵地方，我負責打電話訂位。
起步	閱讀文化	借一本書	我去圖書館還書，順便借咗一本短篇小說。返屋企之後，我坐喺窗邊睇咗幾頁。唔識嘅字先記低，遲啲再查。
起步	飲食購物	一杯暖茶	午飯之後，我想飲杯暖茶。水太熱，我先放低杯茶，等佢涼一陣。坐低休息幾分鐘，下午再繼續做事。
起步	交通城市	等下一班車	我去到巴士站時，啱啱見到架車開走。下一班車仲有幾分鐘先到，我就睇吓路線。上車之後，先搵位坐好。
起步	學習工作	整理書包	聽日要返學，我今晚先整理書包。功課、筆記同水樽逐樣放好，唔使朝早先急住搵。做完之後就早啲休息。
起步	溝通科技	覆一個訊息	我見到朋友嘅訊息，先讀清楚佢問咩。手頭上仲有事要做，我回覆佢今晚再傾。做完之後，記得返去覆返佢。
起步	旅行休閒	周末散步	星期日天氣幾好，我同屋企人去公園散步。我哋沿住小路慢慢行，見到有人帶狗出嚟玩。行攰咗，就坐低飲水。
起步	健康照顧	去診所	我下午要去診所，出門前先睇清楚預約時間。搭車去到附近，再行幾分鐘就到。輪到我時，慢慢講清楚身體邊度唔舒服。
進一步	飲食購物	茶餐廳午飯	中午休息時間唔算長，我同同事去樓下茶餐廳食飯。大家睇完餐牌，先叫兩份飯同一杯凍茶。食完我哋核對張單，埋單之後慢慢行返公司。
進一步	飲食購物	買衫同換貨	我喺店裏試咗一件外套，顏色啱，但尺寸大咗少少。店員幫我搵細一個碼，我再試一次。埋單時我收好張單，萬一返屋企發現唔合適，仲可以帶返嚟問吓。
進一步	交通城市	轉車返屋企	今日放工比較夜，月台上已經有唔少人。我先睇清楚方向，再上車去下一個站轉線。車門一開，我跟住指示行到另一邊月台，唔使一路急住跑。
進一步	學習工作	小組報告	我哋明日要交小組報告，今晚先將每個人寫嘅部分放埋一齊。有人負責核對資料，有人檢查錯字。我最後再讀一次全文，確認次序清楚先存檔。
進一步	親友對話	一家人食飯	星期五夜晚，屋企人難得都早返。我哋一齊煮兩道菜，阿爸洗菜，我負責切番茄。食飯時大家講吓今個星期嘅事，冇人急住拎手機出嚟睇。
進一步	日常生活	雨後街道	下午一場大雨停咗，路邊仲有細細灘水。行過街口時，我見到店員將門前嘅水掃走。天色慢慢光返，原本匆匆行路嘅人亦放慢咗腳步。
進一步	旅行休閒	海邊午後	我哋搭車去海邊，落車後仲要行一小段路。到咗之後，我先搵陰涼地方坐低，聽住海浪聲食午飯。日落之前，大家沿住海旁影相，再一齊返去搭車。
進一步	日常生活	收拾房間	周末冇特別安排，我決定執一執房間。書放返書架，舊單據分類放好，唔再用嘅紙就拎去回收。做完望返張枱，終於有位可以安心坐低睇書。
進一步	溝通科技	網上訂位	朋友想約我睇戲，我先喺網站查時間同座位。揀好場次之後，再同佢核對日期，免得大家記錯。收到確認訊息，我將入場時間記喺手機度。
進一步	閱讀文化	一本舊書	我行入一間舊書店，見到一本細細本嘅香港故事。封面有啲舊，入面啲字仍然清楚。我站喺書架旁邊讀咗一頁，最後決定買返屋企慢慢睇。
完整篇章	閱讀文化	社區圖書館	屋企附近嘅圖書館唔算大，但每次去都可以搵到想睇嘅書。今日我先還咗上星期借嘅小說，再去書架旁邊揀一本關於本地街道嘅短文集。坐低讀嘅時候，我記低幾個唔熟嘅地名。離開之前，我喺借書機核對日期，免得下次太遲還書。
完整篇章	旅行休閒	行山前一晚	朋友約咗星期日行山，我星期六夜晚先睇天氣同路線。水樽、帽同簡單食物都放入背包，手機亦充好電。第二朝我哋喺車站集合，先講好如果有人行攰就一齊休息。山路有啲濕，大家放慢腳步，唔使趕住去到終點。
完整篇章	日常生活	停電之後	晚飯煮到一半，屋企突然停咗電。我先關好爐火，再用手機電筒照住枱面。隔離屋都冇燈，我哋就坐喺客廳等消息。電返嚟之後，我檢查雪櫃同電器有冇問題，最後先繼續準備晚飯。
完整篇章	飲食購物	街市嘅早晨	星期六朝早，我拎住布袋去街市。魚檔前面有人揀魚，菜檔老闆正忙住整理新到嘅青菜。我先買今晚要用嘅菜，再去水果檔睇吓有咩選擇。行完一圈，布袋已經有啲重，我就慢慢行返屋企。
完整篇章	親友對話	朋友嚟作客	朋友第一次嚟我屋企，我先傳咗車站出口同附近地圖畀佢。佢到門口時，我啱啱將茶同小食放好。大家坐低傾近排嘅生活，之後一齊睇相。時間過得好快，臨走之前我哋再約下次見面。
完整篇章	學習工作	學打速成	我開始學速成時，成日想一口氣記晒所有字根，結果越背越亂。後來我改為每日練一小組，先認形狀，再試首尾取碼。遇到同碼字，我會睇清楚候選列先揀。慢慢打到熟悉嘅句子，我終於唔使每個字都靠估。
完整篇章	交通城市	搭電車去海旁	下晝有少少空閒，我搭電車沿住街道慢慢行。車窗外面一間間店舖掠過，坐喺樓上可以望得更遠。去到目的地，我先等車停定，再跟住其他乘客落車。之後沿住海旁散步，直到天色開始轉暗先返屋企。
完整篇章	學習工作	整理工作日程	星期一朝早，我先睇今日要做嘅幾件事。最急嘅文件放喺前面處理，其他工作按時間排好。開會前，我將需要討論嘅問題寫低，免得到時漏咗。下午完成一部分之後，再更新清單，聽日就知道由邊度繼續。
完整篇章	旅行休閒	旅行返嚟	旅行最後一日，我哋早啲起身收拾行李。離開之前，逐個角落睇一次，確認冇漏低充電器同外套。返到屋企，我先將相片整理好，再同朋友分享幾張。雖然一路上行咗好多路，但諗返起啲小店同海邊風景，仍然覺得好值得。
完整篇章	日常生活	屋企嘅星期日	星期日朝早唔使趕出門，我慢慢煮早餐，再開窗畀風吹入嚟。屋企人有人睇書，有人整理植物，客廳比平日安靜。食完午飯，我哋一齊執好張枱，準備下星期要用嘅東西。夜晚早啲休息，第二朝起身就冇咁匆忙。
