key,shape,example,direct
A,a1,書,True
A,a2,冒,True
A,a3,色,True
B,b1,朕,True
B,b2,肝,True
B,b3,胃,True
B,b4,目,False
B,b5,目,False
B,b6,目,True
B,b9,用,True
B,b7,同,True
B,b10,禺,True
B,b8,奧,True
B,b11,冠,True
B,b19,體,True
B,b20,體,False
B,b12,望,True
B,b14,亙,True
B,b23,然,False
B,b13,然,True
B,b15,豹,True
B,b16,愛,True
B,b17,受,True
C,c1,鏡,True
C,c2,弟,True
C,c3,只,True
C,c4,亦,True
C,c5,扒,True
C,c6,西,True
C,c9,西,False
D,d1,相,True
D,d2,茶,True
D,d7,來,False
D,d3,子,True
D,d4,孩,True
D,d5,皮,True
D,d6,也,True
E,e1,氹,True
E,e3,各,False
E,e4,各,True
E,e5,各,False
E,e2,匯,True
E,e7,求,True
E,e6,黎,True
E,e8,鰥,True
F,f1,炎,True
F,f2,照,True
F,f3,絲,True
F,f5,平,True
F,f7,示,True
F,f4,米,False
F,f6,米,True
F,f8,不,True
F,f9,不,False
F,f11,不,False
G,g1,動,True
G,g2,款,True
G,g3,款,False
H,h1,簡,True
H,h2,乃,True
H,h3,白,True
H,h4,白,False
H,h5,千,True
H,h6,反,True
I,i1,冰,True
I,i4,之,True
I,i2,庫,True
I,i3,去,True
J,j1,辦,True
J,j3,車,False
J,j2,安,True
K,k1,奇,True
K,k11,器,False
K,k2,力,True
K,k4,文,True
K,k5,希,True
K,k3,病,True
L,l1,引,True
L,l2,介,True
L,l3,事,True
L,l4,庚,True
L,l5,事,False
L,l6,被,True
M,m1,劃,True
M,m6,冰,True
M,m2,原,True
M,m3,光,True
M,m4,空,True
M,m5,功,True
N,n1,了,True
N,n2,乃,True
N,n3,承,True
N,n12,今,True
N,n11,丑,True
N,n4,你,True
N,n5,久,True
N,n7,乞,True
N,n8,亢,True
N,n9,役,True
N,n10,飛,True
O,o2,以,True
O,o3,舍,True
O,o4,內,True
O,o5,陝,True
O,o6,知,True
O,o7,確,True
O,o8,丘,True
O,o9,象,True
O,o10,飛,True
O,o11,夫,True
O,o12,規,True
O,o13,之,False
O,o14,之,True
P,p1,怕,True
P,p2,恭,True
P,p3,恭,False
P,p4,旨,True
P,p5,老,True
P,p6,化,True
P,p7,老,False
P,p8,老,False
P,p9,頃,True
P,p10,也,True
P,p11,世,True
P,p12,切,True
P,p13,代,True
P,p14,曳,True
P,p15,渴,True
P,p17,隊,False
P,p16,隊,True
Q,q1,我,True
Q,q2,承,False
Q,q3,承,True
Q,q4,耘,True
Q,q9,承,False
Q,q5,看,True
Q,q6,看,False
Q,q7,降,True
Q,q8,年,True
S,s1,房,False
S,s2,己,True
S,s3,司,True
S,s4,成,True
S,s5,豕,True
S,s6,臣,True
S,s7,區,True
S,s8,巨,True
S,s9,耳,True
S,s10,長,True
T,t1,其,True
T,t2,其,False
T,t3,曲,True
T,t4,曲,False
T,t5,草,True
T,t6,曲,False
T,t7,曲,False
T,t8,卅,True
T,t9,卉,True
T,t10,虛,True
T,t11,關,True
T,t12,並,True
T,t15,卹,True
T,t13,立,True
T,t16,站,True
U,u1,目,True
U,u2,己,True
U,u5,改,True
U,u3,嗤,True
U,u4,逆,True
V,v1,好,True
V,v2,巡,True
V,v3,互,False
V,v4,互,True
V,v5,吳,True
V,v6,甚,True
V,v7,收,True
V,v8,以,True
V,v9,鼠,True
V,v10,很,True
W,w1,國,True
W,w2,黑,True
W,w3,海,True
Y,y1,上,True
Y,y2,文,True
Y,y3,母,True
Y,y4,言,True
Y,y5,文,False
Y,y6,於,True
Y,y7,連,True
Y,y8,連,False
Y,y11,連,False
