日常生活	我今日想早啲出門，先去街市買菜。
日常生活	落雨之前，記得帶遮同關好門。
日常生活	早餐食咗麵包同雞蛋，再飲杯暖茶。
日常生活	今晚我哋一同煮飯，飯後慢慢散步。
日常生活	返到屋企，先洗手再整理書包。
日常生活	呢間店今日有優惠，但我想先比較價錢。
日常生活	巴士就快到站，我哋行去前面排隊。
日常生活	媽媽提醒我，出門前要檢查鑰匙。
日常生活	天氣轉涼，記得着多件衫。
日常生活	我想練熟常用字，再試長啲嘅句子。
學習工作	老師先講解方法，再畀學生自己練習。
學習工作	遇到唔識拆嘅字，可以逐步睇提示。
學習工作	寫完答案之後，要再睇清楚候選字。
學習工作	今日嘅功課係閱讀一篇短文。
學習工作	同學問咗一個好問題，大家一同討論。
學習工作	開會之前，我先整理好報告同資料。
學習工作	請將文件存好，聽日再繼續修改。
學習工作	完成第一組練習之後，可以轉去下一課。
學習工作	我每天用十分鐘重練昨日錯過嘅字。
學習工作	學打字唔使趕，先求準確再求速度。
交通城市	我喺地鐵站等車，順便睇吓路線圖。
交通城市	過馬路之前，要先望清楚紅綠燈。
交通城市	呢班巴士會經過圖書館同公園。
交通城市	火車到站之後，乘客慢慢落車。
交通城市	我哋由街口向左轉，再一直向前行。
交通城市	如果落大雨，記得預留多啲時間。
交通城市	假期想去海邊，睇日落同聽海浪。
交通城市	司機提醒大家，坐好同扣好安全帶。
交通城市	返工時段車多，路上可能會塞車。
交通城市	到咗目的地，先檢查有冇漏低行李。
溝通科技	我收到你嘅訊息，今晚再詳細回覆。
溝通科技	請喺網站搜尋需要嘅詞語。
溝通科技	忘記密碼時，可以跟住畫面重新設定。
溝通科技	下載文件之後，記得放入合適嘅資料夾。
溝通科技	手機快冇電，我要搵充電器。
溝通科技	我已經將相片分享畀朋友。
溝通科技	打字之前，先睇清楚要揀邊個候選字。
溝通科技	有啲字共用同一組碼，所以要學識選字。
溝通科技	句子練習會逐字顯示進度。
溝通科技	學識首尾取碼之後，可以自己打完整句子。
親友對話	你放工未？我喺樓下等你一齊食飯。
親友對話	阿媽問我星期日有冇時間返屋企。
親友對話	我哋好耐冇見，不如搵日飲茶傾吓。
親友對話	你先講你想食咩，我再幫大家訂位。
親友對話	朋友話佢已經到咗，正喺門口等我。
親友對話	唔好意思，我遲咗十分鐘先到。
親友對話	如果你有需要，隨時打電話畀我。
親友對話	佢今日有啲攰，所以想早啲返屋企。
親友對話	我收到你送嘅書，多謝你記得我鍾意閱讀。
親友對話	你慢慢講，我聽住，唔使急。
親友對話	今晚大家各自煮一道菜，一齊分享。
親友對話	聽日天氣好嘅話，我哋去公園行吓。
親友對話	你嘅意見好有用，我會再諗清楚。
親友對話	我先同屋企人講聲，之後再覆你。
親友對話	見到你精神好返啲，我就放心啦。
親友對話	大家約好下星期六見，記得帶相機。
飲食購物	我想買啲番茄同雞蛋，今晚煮簡單啲。
飲食購物	呢度啲水果幾新鮮，你想試邊種？
飲食購物	請問今日嘅午餐有咩選擇？
飲食購物	我哋先睇餐牌，再決定叫幾多樣菜。
飲食購物	如果唔夠飽，可以再加一碗飯。
飲食購物	呢杯茶太熱，等陣先飲。
飲食購物	買之前先睇清楚份量同價錢。
飲食購物	收據放喺袋入面，返屋企再對數。
飲食購物	間小店開到夜晚九點，放工仲趕得切。
飲食購物	今日唔想煮飯，不如叫外賣。
飲食購物	我想要少甜嘅凍飲，唔該。
飲食購物	街市行完一圈，我先決定買邊檔。
飲食購物	呢件衫有冇細一個碼？
飲食購物	如果尺寸唔合適，可以拎返嚟換。
飲食購物	我喺網上落單，聽日去門市取貨。
飲食購物	埋單之前，麻煩你幫我核對一下。
健康照顧	朝早起身先飲杯水，之後慢慢食早餐。
健康照顧	如果頭痛一直冇好轉，最好問吓醫生。
健康照顧	我約咗下午去診所，想早啲出門。
健康照顧	藥袋上面寫住食法，返屋企再睇一次。
健康照顧	行完樓梯有啲氣喘，我想坐低休息。
健康照顧	阿爸提醒我，夜晚唔好玩手機太夜。
健康照顧	今日天氣熱，出街記得帶水。
健康照顧	休息一陣之後，我覺得舒服咗好多。
健康照顧	我想養成早啲瞓覺嘅習慣。
健康照顧	食飯之前先洗手，大家都安心啲。
健康照顧	醫生叫我記低每日嘅身體情況。
健康照顧	如果唔舒服，就唔好勉強返工。
健康照顧	放假去行山之前，記得睇天氣預報。
健康照顧	我哋沿住海邊慢慢行，吹吓風。
健康照顧	陪屋企人去覆診，我先查好路線。
健康照顧	今晚早啲休息，聽日再繼續做。
閱讀文化	圖書館今日比較靜，啱晒坐低睇書。
閱讀文化	我借咗一本小說，想周末慢慢讀。
閱讀文化	睇完呢篇文章，我記低三個新學到嘅字。
閱讀文化	呢本書講香港舊區，入面有好多相片。
閱讀文化	我鍾意先睇目錄，再揀想讀嘅一章。
閱讀文化	展覽入面有手寫信，字跡好清楚。
閱讀文化	朋友推介咗一套電影，我打算今晚睇。
閱讀文化	聽歌嘅時候，我會留意歌詞點寫。
閱讀文化	老師叫我用自己嘅說話講返個故事。
閱讀文化	睇完新聞，最好再核對清楚來源。
閱讀文化	呢間舊書店唔大，但可以行好耐。
閱讀文化	我試住每日寫幾句，記低生活小事。
閱讀文化	文章唔一定要長，寫得清楚更重要。
閱讀文化	同一個字用喺唔同句子，意思可能會變。
閱讀文化	我喺筆記簿抄低唔熟嘅詞語。
閱讀文化	今日讀到一篇關於社區生活嘅短文。
旅行休閒	出發之前，我先查好車程同落車位置。
旅行休閒	我哋約喺車站出口見，唔使四圍搵。
旅行休閒	行李唔多，帶一個背包就夠。
旅行休閒	山路有啲濕，行慢啲會穩陣。
旅行休閒	落雨就改去博物館，行程一樣有趣。
旅行休閒	去到海邊，我想坐低聽一陣海浪聲。
旅行休閒	呢條街有幾間小店，可以慢慢行。
旅行休閒	車窗外面嘅景色不停變，睇住都開心。
旅行休閒	我用手機影咗幾張相，返去再整理。
旅行休閒	如果迷路，可以問附近嘅工作人員。
旅行休閒	今次唔趕行程，想留多啲時間休息。
旅行休閒	到咗新地方，先搵一間店食午飯。
旅行休閒	日落之前，我哋沿住海旁散步。
旅行休閒	回程嗰班車比較早，記得留意時間。
旅行休閒	今日行咗好多路，返到屋企即刻想坐低。
旅行休閒	下次再嚟，我想試另一條路線。
